age,sex,memory_score,speed_score,weight_kg,systolic_bp
109.2,Female,78.3,53.7,74.9,151.8
104.9,Female,80.6,44.6,87.5,168.7
107.6,Female,61.4,47.8,68.1,147.9
68.1,Female,94.6,64.4,82.9,139
23.3,Female,101.7,100.2,69.2,120.1
98.2,Female,68.2,60,74.6,152.6
55.2,Female,94.8,67.5,73.2,130.2
99.8,Female,73.9,37.6,79.5,166.8
64.8,Female,103.8,61.5,73.9,133.5
40.1,Female,82,74.7,82.3,116.9
87.7,Female,79.3,53.4,80.8,147.6
58.9,Female,90.8,67.7,92.6,138.8
67,Female,95.7,61,68.3,143.3
102.8,Female,88.8,55.7,88.5,151.2
71.6,Female,86.3,64,82.5,148
19.1,Female,102.1,88.5,55.6,119.7
53.6,Female,89,80.4,87.7,122.1
99.5,Female,74.9,56.5,81.1,147.2
75.6,Female,86.8,66,78.9,137.2
76.8,Female,64.4,74.4,78,136.1
78.1,Female,85.3,71,60.4,124.8
39,Female,93.7,85.4,84.7,103.6
52.2,Female,83.7,64.3,69.6,120.2
31,Female,110.1,86.3,68,119.5
20.8,Female,94.4,82.4,73.2,117.5
65.5,Female,71,60.8,84.2,136.6
88.1,Female,76.7,59.7,74.3,145.2
31.9,Female,108.2,96.3,85.1,118.6
55.6,Female,93,85.9,71.8,128.2
35.1,Female,109.4,75.9,69.7,123.7
20.2,Female,106.8,76.1,70.9,96.2
87.5,Female,82,58.6,84.7,141.2
19.5,Female,96.9,92.3,79.4,119.7
87.9,Female,63.9,62.1,82.7,137.3
104.7,Female,64.7,48.5,70.3,149.4
91.4,Female,83.2,61.4,80.3,158.6
104.4,Female,54.4,54.5,85.6,149.5
51.5,Female,86.8,70.8,84.1,111.4
98.6,Female,71.3,46.8,95.2,152.7
74.1,Female,80,66,81.5,146.7
80.2,Female,97.8,56.8,76.4,140.9
107,Female,65.6,42.3,66.2,172.5
98.4,Female,80.1,54.9,79.6,153.6
90.8,Female,71.7,59.8,91.7,144.7
47.6,Female,105.2,63.3,80.7,132.2
67.7,Female,85,57,83.3,136.9
72,Female,70.5,68.1,77.8,150.4
94.9,Female,86.3,50.5,77.9,159.3
43.7,Female,85.3,93.3,68.9,133.1
67.4,Female,84.3,73.1,85.5,126.4
108.5,Female,76,43.2,76,153.8
76.8,Female,70.5,68.7,80.9,142.7
49.9,Female,83.2,70.4,81,131.1
63.5,Female,83.4,57.2,70.6,141
35.1,Female,101.7,76.7,72.6,120.8
44.1,Female,91.7,82.7,66.4,128.2
18.8,Female,100.9,97,66.5,110.2
84,Female,82.2,66.9,88.8,147.9
55.9,Female,87.4,70.8,83.1,137
53.4,Female,76.9,81.3,84.6,121.9
36.6,Female,107.8,83.6,90.4,113.4
26.5,Female,100.1,90.7,64.5,118.9
29.6,Female,91.8,87.1,66.3,109.8
65,Female,87.2,61.1,85.6,139.9
57.9,Female,92.3,76.2,86.2,146.8
33.2,Female,94.6,89.8,74.6,116.8
67.8,Female,84,48.8,83.4,140
97.4,Female,71.4,55.1,78,158.2
98.4,Female,71.4,47.2,73,155.5
53.4,Female,96.6,80.9,89.8,117.2
90,Female,60,49.1,70.3,147.8
34.3,Female,104.6,86.3,76.4,119.7
76.3,Female,84.8,65.5,82.9,145.9
104.1,Female,72.5,43.1,77.3,153.8
94.8,Female,79.9,47.1,69.9,153.8
103.2,Female,67.3,51.1,77.5,165.5
97.4,Female,69.7,55.5,72.7,173.1
90,Female,83.7,49.7,67.9,150.6
59.6,Female,94.1,68.2,72.2,149.2
77.4,Female,76.8,68.6,78.1,130.8
57.2,Female,87.9,66.6,54,130.7
52.5,Female,88.5,73.2,83.4,127.2
100.7,Female,66.4,44.1,81.9,150.1
68.2,Female,89.1,61.3,74.6,143.4
26.9,Female,109,90.8,75,113.8
84.4,Female,75.1,67.2,76.3,147.5
80.3,Female,87.3,54,77.2,138
97.1,Female,80.8,64.4,86.8,156.5
78.1,Female,93.7,62,81.7,140.2
21.9,Female,107.6,92.9,70.3,123.2
74.1,Female,89.5,71.3,75.5,140.6
32.8,Female,95.5,92.4,73.1,114.3
38.4,Female,107,93.9,73.4,112.9
19.8,Female,109.1,96.8,80.9,111.9
37.9,Female,85.1,82.8,69.9,113
30.1,Female,95,81.3,52,110.5
87.6,Female,83.8,56.3,85.2,140.5
105.7,Female,77.5,49.6,89.5,154.3
80.8,Female,72.5,55.6,79.1,147.5
106.1,Female,73.3,58.2,86.9,166.3
46.7,Female,98.7,63.9,78.5,126.2
30.7,Female,113.1,92,74.9,104.8
81,Female,87.5,56.3,73.9,142.6
85.3,Female,81.1,53.6,72.7,157.4
50,Female,84.9,66.6,62.7,129.7
22.3,Female,110.7,81.3,79.2,103.6
19.8,Female,102.4,95.1,68.6,112.6
73.4,Female,82.8,65,85.1,129.3
41.9,Female,100.4,81.8,63.3,123
25.5,Female,99.9,93.3,75.2,111.6
24,Female,98.2,88.2,72.9,107.1
86.4,Female,91.9,71.4,84.2,152.9
78.5,Female,66.6,52.7,84.1,144.4
95.5,Female,76.5,63.1,74,143.2
86.1,Female,78.2,74,68.5,150.8
63.2,Female,71.7,77.3,79.4,130.8
37.8,Female,92.8,79.4,63.5,122.4
105,Female,78.7,55,82.3,149.2
55.2,Female,81.6,69.4,72.9,132.4
25.5,Female,99.3,97.9,70.4,117.6
33.4,Female,103,70.8,70,116
109.1,Female,59.6,36.9,59.6,150.9
49.3,Female,87.6,72.1,97.6,120.2
71.5,Female,94,60.7,68.3,134.8
62.8,Female,100.8,73.7,84,134
90.5,Female,90.4,54,81.8,139.9
78.3,Female,93.3,55.7,79.1,133.7
92.4,Female,87.4,63.2,83.7,138.4
87,Female,82.9,45.6,71,135
91.6,Female,101,58.2,77.9,146.3
86,Female,78.6,59,71.8,155.4
82.1,Female,79.6,63.2,96.4,145.8
19.5,Female,94.5,92.1,78.7,108.6
35.1,Female,95.4,77.5,79.5,117.9
41.6,Female,91.5,82.2,74.1,122.4
44.6,Female,87.9,75.3,74.2,131.5
84.6,Female,69.9,46.6,54.3,144.4
87.2,Female,77.1,60.1,87.5,146.9
108.4,Female,76.1,52.1,76.2,156.9
66.9,Female,83.5,76,73.7,141.7
76.6,Female,83.7,66.1,63.6,138.7
64.8,Female,87.6,70.5,75.9,140.5
27.5,Female,98.4,88.8,48.6,113.3
73.9,Female,87.3,78.6,80.5,132.4
66.8,Female,89.4,83.2,78.1,136.6
42.1,Female,106.9,67,59.5,118.1
69.8,Female,95.7,83.3,76.1,140.8
94.7,Female,71.5,35.5,93.9,140
65.7,Female,89.4,62.3,90.8,133.3
29.3,Female,99.9,87.6,64.5,121.6
75.5,Female,87.7,67.7,76.4,137.3
41,Female,99.7,82.5,87.5,108.9
82.5,Female,70.3,58.4,87.5,147.3
21.7,Female,98.1,85.8,66.9,107.9
66,Female,88.1,79.2,72.8,144.5
101.2,Female,77.5,46.7,77.2,151.8
71.1,Female,74.8,49.2,88.5,134.2
61.1,Female,90.1,75.7,82.1,145.1
86.8,Female,85.4,64.9,56.1,140.6
65.8,Female,92.6,74.3,89.8,141.3
68.8,Female,73.6,73.8,77,126.3
94.8,Female,73.7,50.7,77.6,153.6
55.9,Female,81.3,69.4,60.9,127.1
27.5,Female,102.2,80.7,81.4,106.5
38.6,Female,80.9,72.6,72.4,113.2
93.3,Female,73.1,71.7,74.3,160.7
45.5,Female,82.5,83.5,98.9,115
83.5,Female,89.3,77.3,74.8,146.9
71.1,Female,76.1,56.1,83.2,141.7
41.2,Female,107.8,62.2,73.6,115.2
52.9,Female,87.3,78.5,78.3,123.8
61.3,Female,83.6,70.2,65,133.5
108.7,Female,90.1,42.7,73.9,157.7
101.5,Female,64.6,68.8,69.7,166.3
26.8,Female,100.4,81.8,71.8,105.6
90.4,Female,75.1,58.2,66.1,152.3
45.6,Female,99.5,92.4,88.6,112.9
34.5,Female,104,97.9,76.1,123.3
87.4,Female,82.2,67.1,76.5,161.1
70.2,Female,79.7,60.2,98.3,146.4
53.4,Female,83,72.4,72.4,130.8
71,Female,88.2,78.3,92.5,138.9
30.3,Female,104.2,77,74.2,124.3
31.7,Female,107.4,93.2,90.3,126.6
79.3,Female,78.2,58.7,79.2,137.3
85.3,Female,93.6,74.8,78.9,149.1
89.3,Female,77,53.2,77.3,147.2
40.9,Female,84.8,69.9,56.6,114.5
99,Female,72.4,65.7,90.4,145.1
56.6,Female,84.8,63,71.9,128.5
20.9,Female,96.9,78.5,74.8,101.9
65.4,Female,92.9,70.4,77.3,128.6
89.5,Female,57.8,53.2,69.2,141.3
34.6,Female,105.9,77.7,84.3,98.6
46.1,Female,104.3,85,65,139.4
91.9,Female,64.1,45.3,81.5,142.1
23.6,Female,88,87.3,72.7,104.5
29.5,Female,96.7,77.3,75.4,118.4
42.9,Female,89.8,80.1,84,136.3
107.3,Female,65.8,45.3,75.5,151.7
55.6,Female,93.4,61.7,65.5,129.7
77.5,Female,82.2,63.1,75.6,134.5
82.4,Female,79.5,66,83.5,151.1
96.5,Female,81.2,51.8,92.3,147
33.2,Female,92.1,95.1,77.6,109.3
20.5,Female,105.1,92.5,72.6,105.3
73.7,Female,90.8,86.2,84.5,134.1
102.2,Female,71.2,50,73.2,146.5
31.4,Female,98.9,100,57.8,111.2
75.7,Female,67.3,74.4,73.3,140.5
46.2,Female,83.8,75.5,65.1,129.9
84.7,Female,72,57.5,62.4,142.8
91,Female,88.3,51.8,100.7,139.6
27.4,Female,111.8,92.5,81,103
29.3,Female,95.3,84.6,76.6,124.2
58.7,Female,97.4,61.5,84.1,148.5
109.1,Female,69,44.6,80.2,147.3
73.8,Female,79.6,56.7,95.8,137
98.4,Female,74.9,50.9,83.8,139.6
104.5,Female,75.2,53.2,73.9,162.2
93,Female,80.2,69.2,75.2,160.9
64.6,Female,83.4,69.3,69.6,138.7
45.1,Female,91.2,78.4,85.5,120.2
34.9,Female,104,82.9,80.8,110.5
96.7,Female,77,53,76.6,155
41,Female,98.9,81.9,51.4,116.9
29.2,Female,84.8,85,70.7,96.8
100,Female,78.8,58.4,77.3,155.5
58.9,Female,93.9,76.8,63.1,135.5
27.4,Female,96.6,89.1,70.6,106.7
41.3,Female,82.4,72.5,56.4,127.2
83.8,Female,73.8,61.2,83.4,135.3
21,Female,96.1,82.1,70.8,119.8
104.2,Female,80.5,49.5,83.3,158.5
36.6,Female,97.9,86.6,71.5,113.9
53,Female,96,83.9,91.9,138.4
74.7,Female,88.4,56.3,80.5,146.4
52.2,Female,90.5,69.6,64.9,122.4
33.8,Female,99.2,84,87,119.6
75.9,Female,83.6,63.6,74.6,138.1
97.3,Female,79.2,46.6,85.5,152.8
93.3,Female,83.2,60.2,76,141.3
20.9,Female,104.7,91.7,65.5,112.1
109.1,Female,71.2,49,56.2,161.6
78,Female,73.4,76,61.7,130.6
53,Female,95.9,76,83.1,121.5
35.6,Female,105.5,80.2,70.8,121.2
87,Female,77.6,59,86.8,137.5
41,Female,88.7,80.2,58.6,127.4
70.3,Female,67.9,52.2,80.7,142.7
45.8,Female,91.2,80,73.2,119.3
55.1,Female,85.2,71.6,86.3,123.4
68.3,Female,92.1,76.9,73.7,141.8
105.8,Female,58.1,63.9,75.2,150.2
75.2,Female,90.5,68,74.2,138.7
21.4,Female,99,86.3,55.4,118
107.5,Female,69,61.5,80.9,160.4
61.3,Female,90.1,67.6,77.8,126.2
41.2,Female,95.7,85.8,83.5,118.1
75.5,Female,94.3,55.3,76.1,141.3
41.1,Female,87.9,78.7,67.5,122.3
67,Female,97,69.5,59.8,147.7
107.4,Female,77.6,41.9,73,140.3
66,Female,90.8,68.1,73.3,142.1
43,Female,92.1,67.1,76.6,108.9
20.5,Female,109.9,80.5,62.9,97.4
83.7,Female,82,49.7,72.7,162.1
51,Female,87.3,63.9,82.5,120.9
40.8,Female,96.4,81.8,64.8,115.9
34.6,Female,94.8,84.5,79.8,118.8
83.8,Female,78.5,61.1,77,146.1
85.3,Female,85.8,64.3,64.2,154.8
33.9,Female,113.8,92.7,63,120.8
20.3,Female,88.4,79.8,63.2,111
26.6,Female,98.4,82.2,74.9,109.7
20.4,Female,93.4,85,68.4,120.5
65.1,Female,83.5,72.4,58.7,128.6
22.4,Female,113.3,94.3,70.5,109.5
81.3,Female,81.3,74.7,67.7,130.9
43.7,Female,103.7,86.3,81,114.3
69.2,Female,84.6,76.9,80.1,149.7
22.8,Female,101.2,87,64.7,104.5
100.8,Female,77.3,43.2,72.2,157.7
26.9,Female,103.7,87.4,71.9,122.2
92.3,Female,68.1,66.9,83.6,155.1
27,Female,104.7,82.7,63.1,99.2
81.5,Female,66.7,51.6,97.9,146.8
52.2,Female,88.3,70,83.3,122.1
99.1,Female,68.2,61.5,85,135.5
78.7,Female,74.9,76.2,77.3,136.2
103.1,Female,71.2,48.9,83.6,150.5
55.1,Female,94.2,78.6,82,142.1
37.6,Female,100,86.3,70.7,123.4
86.5,Female,75.7,68,64.3,138.5
78.7,Female,86.3,53.1,75.2,142.5
49.3,Female,84.8,74.3,73.9,126.4
34.6,Female,102.5,101.1,63.5,116.2
92.1,Female,83.2,54.6,67.8,136.4
85.6,Female,71.1,63.3,87.7,130.4
46.7,Female,95,78.8,69.3,124.7
75.6,Male,80.3,56.7,87.7,134.1
24.9,Male,97.2,93.1,71.5,116.7
28.7,Male,98.8,97,81.1,107.9
32.7,Male,94.4,78.8,96,117.7
105.2,Male,67.4,50.5,77.4,145.9
90.2,Male,86.3,56.5,78.8,145.2
36.5,Male,81.7,87.3,72.7,123.9
44.9,Male,94.3,74.3,95.2,137.3
76.9,Male,77.7,83.1,92.6,130.9
62.9,Male,74.1,89.8,78.6,138.6
26.9,Male,89.3,104.8,90.6,130.9
73,Male,69.3,66.4,93,129
74.1,Male,74.4,70.1,91.7,134.1
71.9,Male,87.6,60.3,87.8,129.5
28.5,Male,107.2,101.9,85.5,120.8
36.9,Male,95.5,91.6,67.1,115.3
89.9,Male,74.5,56.3,104.2,130.9
85.7,Male,82.4,65.2,100.4,143.4
62.5,Male,84.8,76.6,90.3,121.5
95,Male,58.7,67.3,94.3,143.3
49,Male,103.6,90.5,93.2,134
70.2,Male,79.1,73.9,99.1,140.2
99.8,Male,81.8,56.9,100.1,153.7
47.5,Male,90.9,84.7,91.4,125.8
72.8,Male,77.9,77.8,94.2,126.9
44.6,Male,99.5,86,84.9,138.8
32.2,Male,92.6,81.4,88.3,104.8
100.9,Male,57.3,38.7,81.1,144.2
105.8,Male,80.6,40.8,95,153.5
40.6,Male,94.4,76.5,104.9,126.2
42,Male,94.1,82.5,90.5,129.3
84.5,Male,73.5,74.4,86.8,151.6
51.8,Male,82.9,77.6,85.3,117
62.1,Male,83,81.8,87.9,121.2
90.9,Male,69.5,66.6,93.3,145.4
50.3,Male,82.8,80.8,89.8,128.6
59.9,Male,89.5,78.3,103.5,113.4
99.6,Male,78.5,39.6,88.5,154
52.3,Male,93.1,87.6,97.8,112.7
25.6,Male,110.4,85.6,91.8,117
57.7,Male,83.8,67.7,94.2,113.4
84.9,Male,71.9,65,84.6,150.1
40,Male,94.3,79.5,79.3,128.4
23,Male,89.1,77.5,80.5,120.8
34.4,Male,97.1,96.9,100.5,135
82,Male,77.2,69.3,110.4,131.7
52.1,Male,75.4,77,93.6,134.8
71.5,Male,77.1,70,99.9,127.2
64.5,Male,83.8,79.2,91.4,131.2
103.1,Male,76.9,60.3,98.4,144.5
26.8,Male,89.6,87.2,78.7,118.4
94.7,Male,72.2,61.5,78.2,147.4
84.2,Male,89.3,63.8,83.6,125.8
61.7,Male,87.3,83.3,99.7,116.8
69,Male,76.1,72.6,97.6,120.2
21,Male,92.9,85.5,74.6,115.1
96.6,Male,59.5,54.1,86.1,143.7
55.2,Male,93.4,79.6,84.7,128
67.5,Male,78.7,81.5,97.6,126.9
64.3,Male,85.7,75.7,77.1,123.9
25.2,Male,96.4,87.8,93.9,132.2
105.7,Male,71.8,46.9,91.8,152.4
80.7,Male,80.6,63,94.4,134.5
70,Male,77.6,74,86.8,119.2
25.7,Male,91.5,87.8,94.2,132.5
75.5,Male,72.3,69.2,88.4,160.6
104.4,Male,68.2,42.6,85.1,144.1
56.6,Male,80.6,81.7,84.7,121.2
21.5,Male,101.9,95.4,79.9,112.6
46.5,Male,90.9,77.7,94.4,131.8
19.1,Male,92.4,98.5,79.3,121.1
98.6,Male,84.7,55,88.9,140.3
56.4,Male,88.9,83.8,97.4,129.6
42.9,Male,89.8,84.1,84.2,130.7
77.3,Male,78.6,50.5,93.5,132.3
34.6,Male,99.6,89.7,81.2,121.1
102.6,Male,69.6,49.9,93.4,156.1
75.1,Male,72.3,59.1,81.8,134.4
73.2,Male,79.6,66,102.1,137.8
106,Male,72.2,69,81.7,150
40.3,Male,101.5,82.7,87,138.3
64.9,Male,80.1,75.4,100.7,129.7
40.7,Male,97.4,85.8,92.2,124.5
46.2,Male,96.2,80.6,79.1,124.7
97.2,Male,76.3,66.5,88,148.2
106.8,Male,81.1,54.8,115.6,150.7
74.3,Male,88.8,72.3,63.4,125.2
73.3,Male,73,59.8,81.2,150.1
50.1,Male,97.6,80.4,86.4,128.1
60.2,Male,76.1,72.8,93.8,129.8
44.3,Male,81.9,86.3,82.3,126.3
93.6,Male,91,61.4,95.2,147.8
47.1,Male,76.6,74,82.8,128.8
106.6,Male,69.4,55.9,105.9,143.9
31.7,Male,97.5,73,87.5,123.4
92.2,Male,66.6,58.5,85,149.3
107.4,Male,63.2,61.4,85.9,148.7
83.9,Male,79.6,69.2,102.9,133.1
57.9,Male,92.3,84.2,84.1,128.9
94.7,Male,88.6,49.8,88.8,143.6
60.8,Male,74.6,68.9,90.8,121.5
76.4,Male,79.2,68.7,100.3,136.5
38.4,Male,87.4,77.2,90.1,120.4
70,Male,76.8,66.9,88.8,128.7
38.6,Male,90.8,75.5,64.4,130.9
38.6,Male,74.1,89.4,91.5,120.7
70.2,Male,92.2,65.2,90.6,143.6
40.5,Male,93.4,81.1,87.9,142
69.6,Male,79.3,66.8,77.6,139.5
105.9,Male,88.1,42.7,94.9,147.1
40.1,Male,97.4,82.2,66.5,133.9
75.3,Male,87.1,64.2,78.7,142.2
89.6,Male,69.4,70.6,86.7,152
103.9,Male,58.8,45.4,107.2,157.1
84.1,Male,95.5,56.3,70.8,140.9
39.1,Male,87.4,89.6,76,123.8
92.1,Male,82.1,49.5,104.6,147.1
42.5,Male,75.8,83.9,72.5,144.1
85.4,Male,77.1,49.1,107.1,138.4
43,Male,83.5,83.8,81.4,120.7
68.3,Male,85,62.1,91.6,130.2
39.1,Male,96.8,89.1,69.7,130.5
40.5,Male,99.7,88,77.3,131.1
59.5,Male,88.7,76.9,84.4,122.4
54.7,Male,100.6,73.6,97.5,127.8
85.9,Male,76.2,66.8,107.6,153.9
21.3,Male,107.4,85.3,79.3,99.7
43.2,Male,96.9,87.1,87.2,127.7
39.7,Male,72.9,88.9,105.4,116.3
101,Male,59,61.4,96.7,151.4
28.9,Male,105.2,81.9,76.4,122.2
23.8,Male,112.5,82,89.7,130
18.3,Male,101.2,99.6,95.3,125.1
54.6,Male,93,72.9,94.8,133.8
108.6,Male,78.7,45,88,133.4
66.5,Male,66.1,81.5,89.2,141.4
26,Male,86.6,92.9,83.1,117.7
26,Male,97.3,100.8,71.3,125.2
87.2,Male,63.6,67.3,83.6,132.7
46.3,Male,79.8,79.2,95.2,137.6
81.5,Male,90.7,60.3,73.2,125.8
61.2,Male,89.6,64.8,95.2,126.7
33.5,Male,92.6,78.2,78.4,106.6
106.7,Male,71.2,47.2,91.4,151.5
38.7,Male,80.9,94.7,97.5,130.6
101.4,Male,85.1,54.5,85.2,149.1
51.8,Male,86.7,67,83.3,121.6
68.6,Male,81.4,78.6,101.9,130.3
27.5,Male,106.3,96,65.1,105.8
87.4,Male,71.1,62.6,89.7,151.4
23.8,Male,91.1,97,100,129.5
92.6,Male,67.7,63.7,93.5,144.3
92.8,Male,75.9,57.5,87.4,148.3
27.5,Male,79.8,90.7,82.5,123.7
27.7,Male,103.3,94.4,84.8,122.6
81.8,Male,80.6,61.9,91.3,118.2
42.1,Male,79.6,86.3,82.9,122.6
63.9,Male,78.9,69,92.3,123.5
35.2,Male,89.8,80.8,106.2,133.8
102.8,Male,70.4,52.6,98.6,145.9
74.3,Male,86.3,63.6,76.8,135.1
98.2,Male,69,50.7,88.3,126.9
45.7,Male,82.1,80.5,83.2,141.3
29.1,Male,86.1,98.2,81.5,127.1
87.9,Male,82.3,72.1,82.8,142.2
79.5,Male,75.2,52.4,99.4,143.4
83.6,Male,71.9,57.7,82.6,133.5
66,Male,72.8,81.4,94.4,113.6
73.6,Male,87,77.5,86.6,132.4
78.7,Male,74.8,51,87.7,131.3
109.1,Male,72.3,40.5,103.4,145.8
25.9,Male,93.5,89.1,94.6,128.4
87.9,Male,67,64.8,87.1,138.1
86.7,Male,73.8,67.4,99.9,148.5
19,Male,106.8,82.6,83.7,124.7
97.1,Male,67.3,56.5,92.3,157.2
38.7,Male,90.4,88.5,93.9,134.4
107.7,Male,72.3,56.9,78.9,160.6
23,Male,90.9,83.6,76.3,115
49,Male,90.9,86.6,106.9,124
103,Male,74.2,64.3,99.1,154.4
83.8,Male,75.1,73.3,96.2,133.3
21.7,Male,95.4,106.4,105,98.6
31.2,Male,101.9,86.6,86.9,115.3
34.7,Male,94.7,71.8,73.3,124.1
39.3,Male,95.9,86.4,105.8,117.9
101.6,Male,63.1,50.9,94.8,137.3
41.7,Male,78.1,73.2,82.5,127.8
89.3,Male,76,61.4,95,141
26.1,Male,103.9,94.6,89,122.3
64.2,Male,95,72.6,101.1,141.8
51.9,Male,96.4,70.8,83.6,121.2
93.1,Male,70,43.4,109.1,143.1
40.3,Male,101.9,80.7,84.7,138.4
34.3,Male,82.1,75.9,72.7,124.8
43.3,Male,89.5,84.3,80.3,124.6
25.4,Male,107.1,79,88,111.5
95.6,Male,67.2,59.8,97.9,154.9
80.2,Male,85.6,78.9,93,141.6
35.8,Male,93.2,90.2,94.4,120.9
61.1,Male,84.2,72.2,92,126.2
90.6,Male,82.1,52.3,89.1,141.4
91,Male,87.5,65.1,94.7,133.2
49.4,Male,94,78.1,80.6,115.2
63.2,Male,74.4,76.8,81.9,149.5
43,Male,99.8,81.2,91.5,138.1
32.7,Male,102.7,90.2,87.8,123.9
70.1,Male,74.6,67.5,79.5,149.3
73.4,Male,83.6,69.4,99.8,128.5
107.9,Male,62.3,37.5,94.8,152.6
64.6,Male,71.7,60.5,89.2,124.3
64.8,Male,93.9,71.4,96,134.5
80.2,Male,74.9,56.9,106,159.6
94.8,Male,70.3,58.9,102.5,144.3
45.9,Male,101.9,81.1,89.5,139.3
108.9,Male,71.9,53.4,91.3,141.1
97.9,Male,76.5,66,81.7,145.1
33,Male,86.7,90.5,85.9,121.9
60.4,Male,92.8,80.7,93.1,126.8
91.5,Male,67.2,72.4,97.2,143.6
63,Male,80.7,70,97.9,130.2
95.4,Male,70.5,54.9,76.1,129
63.1,Male,103,75.4,103.1,126.7
45.7,Male,79,88.8,90.4,135.6
51,Male,81.4,79.3,85.7,135.9
47,Male,88.8,75,96.1,127.9
99.3,Male,67.2,51.7,89.8,144.1
64.2,Male,84.8,75.5,82.5,149.5
44.1,Male,82.6,80.5,93.2,111.1
61.2,Male,94.8,78.2,82.2,133.2
24.4,Male,100.5,89.4,77.3,100.9
63.3,Male,66.3,76,78.9,136.6
87.6,Male,75.2,67.7,83.9,137.9
86.1,Male,66.2,72,93.2,133.1
19.4,Male,98.2,81.5,82.2,101.7
37.2,Male,91.3,66.8,90.1,120.8
92.5,Male,77.9,47.8,83.6,138.4
35.6,Male,68,96.3,79.6,122.4
42.7,Male,87,80.6,101.4,127.9
26.3,Male,100.9,89.8,78.1,113
23,Male,96.5,100.5,81.1,115.1
76.1,Male,77.2,72.3,86.6,151.2
71,Male,82.3,66.8,100.1,136.2
25.8,Male,89.8,94,88,121.8
40.2,Male,80.3,77.1,75.3,133.7
44,Male,95,79.1,88.9,123.5
49.2,Male,80.7,79.5,97.2,128.5
44.5,Male,92.3,85.7,94,136.8
48.2,Male,112.3,86,88.1,125.8
68.6,Male,65.7,68.4,91.8,137.2
69.3,Male,77.8,70.4,88.6,143.4
63,Male,78.1,73,89.7,135.3
94.6,Male,74.3,51.7,86,146
52.6,Male,92.7,78.1,74.3,133.2
22.6,Male,107.3,84.4,81.3,118.6
105.6,Male,80.6,50.2,91.9,154.9
55,Male,96.2,77.4,72.5,137
45.7,Male,103.5,81.5,88.5,123.9
107.5,Male,91.8,57.7,91.1,155.2
74.6,Male,90.9,73.9,92,144.2
24.5,Male,99,85.5,92.6,121.9
77.9,Male,66.6,65.4,87.3,125.3
36.2,Male,104,84.8,112.7,127.2
77.3,Male,83.7,78.8,104.5,132.2
19.3,Male,102.4,98.6,84.8,106.3
53.3,Male,86.1,82.6,94.2,131.1
92.4,Male,83.2,51.4,100,135.6
27.2,Male,103.1,96.9,79.4,144.6
72.4,Male,83.6,72.1,83.1,150.8
41.1,Male,75.5,76,81.4,129.9
44.4,Male,99.7,73.6,88.5,122.6
21.6,Male,103,85.4,103.4,121.6
82.1,Male,85,67.7,94,149.2
91.6,Male,78.7,57.3,81.2,153
86.2,Male,70.6,44.4,90.5,123.4
55.4,Male,87.7,77.1,86.9,125.5
38.7,Male,91,100.1,70.3,144.5
18.8,Male,99.6,88,59.9,132.8
81.4,Male,80.7,70.8,96.7,143.4
69,Male,81.7,73.8,77.5,132.6
100.3,Male,81.8,66.7,88.3,158.4
54.1,Male,87.9,73.8,98.4,125.5
45.9,Male,100.1,76.6,105.3,132.8
104.6,Male,72,54.9,105.7,148.7
21.1,Male,90.5,100.6,81.9,128
41,Male,88.4,100.8,88.6,137
100.6,Male,85.1,56.1,73.5,141.3
61.9,Male,82.8,63.8,101.4,130.8
60.7,Male,88.9,84.4,94.9,133.3
28.7,Male,89.5,85.7,87.7,104.8
65.4,Male,103.6,71.7,84.3,134
44.6,Male,95.3,83.4,107.7,126.5
66.7,Male,85.9,65.9,98.7,135.2
67.7,Male,85.5,67.7,98.8,129.9
80.8,Male,75.5,74.4,89.1,146.5
45.2,Male,77.9,86.6,85.3,125.2
78.7,Male,88.3,56.3,100.8,145.1
96,Male,84.1,61.1,76.4,154.3
83.5,Male,77.1,71.4,92.5,146.4
65.9,Male,98.1,73.3,85.4,135.3
